url_path,views_total,views_unique
/Jules-Kong/OpenCL-CTS,8,2
/Jules-Kong/OpenCL-CTS/commit/af0b06614d6ff4752f61cdeffe1921119659aee2,5,2
/Jules-Kong/OpenCL-CTS/tree/test_math_brute_force,5,2
/Jules-Kong/OpenCL-CTS/commits/test_math_brute_force,3,1
/Jules-Kong/OpenCL-CTS/branches,2,1
/Jules-Kong/OpenCL-CTS/commits/dev_ventus,2,1
/Jules-Kong/OpenCL-CTS/tree/dev_ventus,2,1
/Jules-Kong/OpenCL-CTS/branches/all,1,1
/Jules-Kong/OpenCL-CTS/commit/e45aa245add87fb6aefbab6e59d9be2acb35a772,1,1
/Jules-Kong/OpenCL-CTS/commit/e9dda967af47739c63283241ead2fb3dcd46fc17,1,1
